NO.,POC ID,POC NAME,REGION,LOCATION,BDR NAME ,,,,
1,0011n000011B3xPAAS,LA PRINCE PUB,NORTH WEST,SHINYANGA,NURU MOTIBA,, ,,
2,0011n000015cdGmAAK,LUBAGA  INN BAR,NORTH WEST,SHINYANGA,NURU MOTIBA,,,,
3,0010Y00001YYojPQAT,THOBIAS GROCERY,NORTH WEST,OLD SHINYANGA,GEORGE KILUMA,,,,
4,0010Y00001YYnLHQA1,SENGEREMA BAR,NORTH WEST,MHUNZE-KISHAPU,GEORGE KILUMA,,,,
5,0010Y00001YYbzIQAT,LULU PUB,NORTH WEST,MHUNZE-KISHAPU,GEORGE KILUMA,,,,
6,001oY00001Vy3ozQAB,CLUB CHILER,NORTH WEST,KAHAMA,SHAMIMU HASSAN,,,,
7,001n00001kFMEZAA4,KANIZ PUB(CDT BAR),NORTH WEST,KAHAMA,SHAMIMU HASSAN,,,,
8,0010Y0000VxzxcQAB,MASABO PICNIC CENTER,NORTH WEST,KAHAMA,SHAMIMU HASSAN,,,,
9,0011n00001koHGsAAM,BIJAMPOLA BAR,NORTH WEST,KAHAMA,GEORGE BALTAZE,,,,
10,0011n00001ko56AAE,UREMBO PUB,NORTH WEST,KAHAMA,GEORGE BALTAZE,,,,
11,0011n00001koH4SAAU,TUNDA LA GOLD,NORTH WEST,KAHAMA,GEORGE BALTAZE,,,,
12,0010Y00001YYiSyQAL,NEW BAKURUTU,NORTH WEST,KAKOLA,HAPPYNES ALUTE,,,,
13,0010Y00001YYWvQQAX,HALF LONDON PUB,NORTH WEST,KAKOLA,HAPPYNES ALUTE,,,,
14,0010Y00001YYWWEQA5,GRANDVILLA PUB,NORTH WEST,NZEGA,WEREMA MAGIGE,,,,
15,0010Y00001YYjaKQAT,PASUA BAR,NORTH WEST,NZEGA,WEREMA MAGIGE,,,,
16,0010Y00001YYhHfQAL,MS COMPLEX BAR,NORTH WEST,MWANZUGI,GIVEN GODONS,,,,
17,0010Y00001YYZ2EQAX,KEKUNDU BAR,NORTH WEST,MWANZUGI,GIVEN GODONS,,,,
18,0011n00001km9S6AAI,OXYGEN LOUNGE,NORTH WEST,TABORA,SHAMILY CHARLES,,,,
19,0011n00001km9N1AAI,MWAFRICA BAR,NORTH WEST,TABORA,SHAMILY CHARLES,,,,
20,0011n00001km8IWAAQ,KILIMANJARO BAR,NORTH WEST,TABORA,JOSE MWAKALEBELA,,,,
21,0010Y00001YYVQeQAP,EZAGAM COMPLEX,NORTH WEST,URAMBO,JOSE MWAKALEBELA,,,,
22,0010Y00001YYUg2QAH,deluxe bar,NORTH WEST,MPANDA,ASUKILE KIPAMILA,,,,
23,0010Y00001YYptzQAD,white girrafe club,NORTH WEST,MPANDA,ASUKILE KIPAMILA,,,,
24,0010Y00001YYnHoQAL,seengeti grocery,NORTH WEST,MPANDA,ASUKILE KIPAMILA,,,,
25,0010Y00001YYdGtQAL,MALULU BAR,NORTH WEST,KAKOLA,HAPPYNES ALUTE,,,,
26,0010Y00001QK6DsQAL,NIKO SIMIYU BAR,NORTH WEST,SENGEREMA,EVELYN  ,,,,
27,0010Y00001VThC5QAL,RAHA LEO BAR,NORTH WEST,MWANZA,HELLEN MUTABIHIRWA ,,,,
28,0010Y00001QK513QAD,BARIADI BAR,NORTH WEST,MISUNGWI ,HELLEN MUTABIHIRWA ,,,,
29,0010Y00001QK54RQAT,HEKA HEKA BAR ,NORTH WEST,MWANZA,MUTABIHIRWA ,,,,
30,0010Y00001WmkulQAB,FREE PARK EXECUTIVE LODGE ,NORTH WEST,MWANZA,HELLEN MUTABIHIRWA ,,,,
31,0010Y00001QK6ItQAL,LAS VEGAS BAR,NORTH WEST,MWANZA,PRISCS NDOSI,,,,
32,0010Y00001QK6HkQAL,NEW GOLDEN BAR AND LODGE,NORTH WEST,MWANZA,PRISCS NDOSI,,,,
33,0011n00001lAzZgAAK,NEW GOLDEN ROCK PUB,NORTH WEST,MWANZA,EDITH NTANGEKI,,,,
34,0010Y00001QK6GhQAL,DV8 BAR,NORTH WEST,MWANZA,EDITH NTANGEKI,,,,
35,0010Y00001QK6GVQA1,DV8 PARK,NORTH WEST,MWANZA,EDITH NTANGEKI,,,,
36,0010Y00001QK5E3QAL,MAMA DEO SHOP,NORTH WEST,MWANZA,EDITH NTANGEKI,,,,
37,0010Y00001QK6lwQAL,DIAMOND PUB,NORTH WEST,MWANZA,HAPPYNESS NEHU,,,,
38,0011n0000IsBgtuAAC,TEACHERS PUB,NORTH WEST,NGUDU,INNOCENT NGANGA ,,,,
39,0011n0000IkmpCeAAI,MAGRET BAR,NORTH WEST,NGUDU,INNOCENT NGANGA ,,,,
40,0011n000IXg727QAB,KILIMANJOTO LOUNGE,NORTH WEST,NGUDU,INNOCENT NGANGA ,,,,
41,0010Y00001Vy2NfQAJ,QMAN BAR,NORTH WEST,GEITA,MARIA FOYA,,,,
42,0010Y00001YYTlVQAX,BUKENGWA ,NORTH WEST,KATORO ,PATRICK UDOBA ,,,,
43,0010Y00001YYlMOQA1,LUBAMBE PUB ,NORTH WEST,KATORO ,PATRICK UDOBA ,,,,
44,0010Y00001Vy2ahQAB,2 FACE LOUNGE,NORTH WEST,GEITA ,PATRICK UDOBA ,,,,
45,0010Y00001ddWVvQAM,CHANNYA INN,NORTH WEST,NATIONAL,MALKA SAID,,,,
46,0010Y00001ddWRyQAM,ASBORN HOTEL,NORTH WEST,MWANZA,MALKA SAID,,,,
47,0010Y00001QK6FoQAL,CITY CENTER ,NORTH WEST,MWANZA,MALKA SAID,,,,
48,nil,EMBAKASSY,NORTH WEST,MWANZA,MALKA SAID,,,,
49,0010Y00001ddWabQAE,SOMANDA,NORTH WEST,MWANZA,MALKA SAID,,,,
50,0010Y00001YYY4nQAH,ELLY J BAR,NORTH WEST,NYANGUGE,MALKA SAID,,,,
51,0010Y00001Vy2lQQAR,Serengeti Bar,NORTH WEST,Bukoba Urban,Allen Tengia,,,,
52,0010Y00001Vy2oKQAR,Image pub,NORTH WEST,Bukoba Urban,Allen Tengia,,,,
53,0010Y00001YYIeQQAT,Rubaz complex,NORTH WEST,Missenyi,Allen Tengia,,,,
54,0010Y00001YYVG0QAP,Enjoy pub,NORTH WEST,Missenyi,Allen Tengia,,,,
55,0011i000004mSg8AAE,Ishengoma bar,NORTH WEST,Bukoba Rural,Allen Tengia,,,,
56,0011n00001kFL44AAG,Salama bar,NORTH WEST,Bukoba Urban,Allen Tengia,,,,
57,0011n00001kFL4iAAG,Q bar ,NORTH WEST,Bukoba Urban,Mrumbi Mrumbi,,,,
58,0010Y00001Vy2jKQAR,Liquid,NORTH WEST,Bukoba Urban,Mrumbi Mrumbi,,,,
59,0011n00001kFL4AAAW,Kishari Bar,NORTH WEST,Bukoba Urban,Mrumbi Mrumbi,,,,
60,0011n00001kFL0bAAG,Cassanova,NORTH WEST,Bukoba Urban,Mrumbi Mrumbi,,,,
61,0010Y00001Vy2kNQAR,Chui Grocery ,NORTH WEST,Bukoba Urban,Mrumbi Mrumbi,,,,
62,0010Y00001YYib7QAD,New Neema Pub,NORTH WEST,Kemondo,Mrumbi Mrumbi,,,,
63,0011n00001kFKz9AAG,Bukoba Club,NORTH WEST,Bukoba Urban,Mrumbi Mrumbi,,,,
64,0010Y00001YYXItQAP,Hill top lodge,NORTH WEST,Karagwe,Didas Kimaro,,,,
65,0010Y00001YYTZtQAP,Bondeni pub,NORTH WEST,Karagwe,Didas Kimaro,,,,
66,0010Y00001YYUmAQAX,Diana Annex,NORTH WEST,Karagwe,Didas Kimaro,,,,
67,0010Y00001YYefTQAT,mapinduzi grocery,NORTH WEST,Karagwe,Didas Kimaro,,,,
68,0010Y00001YYhuwQAD,mwasy grocery,NORTH WEST,Karagwe,Didas Kimaro,,,,
69,0010Y00001YYpQdQAL,upendo hotel,NORTH WEST,Muleba,Joachim Zacharia,,,,
70,0010Y00001YYYVKQA5,kaboya freedom investment,NORTH WEST,Muleba,Joachim Zacharia,,,,
71,0011i00000JnWmyAAF,One lounge,NORTH WEST,Kigoma,Hendry Yuda Martini,,,,
72,0011n00001km8NAAAY,New Break Point Bar,NORTH WEST,Kigoma,Hendry Yuda Martini,,,,
73,0011n00001km8QiAAI,G pub,NORTH WEST,Kigoma,Hendry Yuda Martini,,,,
74,0011n00001sQjyuAAC,Kigoma Park,NORTH WEST,Kigoma,Hendry Yuda Martini,,,,
75,0010Y00001YYiBxQAL,NBC Bar,NORTH WEST,Kibondo,Amri Selemani,,,,
76,0010Y00001YYZ8gQAH,Kibodeko Bar,NORTH WEST,Kibondo,Amri selemani,,,,
77,0010Y00001YYjm6QAD,Pentagon Hotel,NORTH WEST,Kibondo,Amri selemani,,,,
78,0010Y00001YYVidQAH,G Pub,NORTH WEST,Kasulu,Jeremia Kimaro,,,,
79,0010Y00001YYotUQAT ,Top Ten Pub,NORTH WEST,Kasulu,jeremia kimaro,,,,
80,0011n00001sPcK8AAK ,Glonency Hotel ,NORTH WEST,Kasulu,Jeremia kimaro,,,,
81,0010Y00001YYkmnQAD,Rhoda Grocery,NORTH WEST,Mugumu,Gisela Ndaki,,,,
82,0010Y00001VVbmNQAT,Wema Grocery,NORTH WEST,Mugumu,Gisela Ndaki,,,,
83,0010Y00001VUfb5QAD,Baloon Grocery,NORTH WEST,Mugumu,Gisela Ndaki,,,,
84,0010Y00001YYnRPQA1,Seronera,NORTH WEST,Mugumu,Gisela Ndaki,,,,
85,0010Y00001VVAONQA5,Impala Bar,NORTH WEST,Mugumu,Gisela Ndaki,,,,
86,0010Y00001VySBnQAN,Wanyancha,NORTH WEST,Mugumu,Gisela Ndaki,,,,
87,0010Y00001YYj7cQAD,Nyangi Bar,NORTH WEST,Mugumu,Gisela Ndaki,,,,
88,0010Y00001YYiOmQAL,Nejos pub,NORTH WEST,Mugumu,Gisela Ndaki,,,,
89,Prospect,Makolele Bar,NORTH WEST,Mugumu,Gisela Ndaki,,,,
90,0010Y00001YYhRLQA1,Mton Bar,NORTH WEST,Maswa,Daniel Mrikaria,,,,
91,Prospect,Mama's Bar,NORTH WEST,Maswa,Daniel Mrikaria,,,,
92,0010Y00001YYUZ1QAP,Criss Pub,NORTH WEST,Tarime,Carlos Mabimbi,,,,
93,0010Y00001YYXGEQA5,Highest Bar,NORTH WEST,Nyamongo,Carlos Mabimbi,,,,
94,0010Y00001YYWNvQAP,Gentle Bar,NORTH WEST,Nyamongo,Carlos Mabimbi,,,,
95,0010Y00001VyWxvQAF,Upendo Bar Mahande,NORTH WEST,Nansio,Benjamin Kinoti,,,,
96,0010Y00001YYYp5QAH,Kasarani Bar,NORTH WEST,Nansio,Benjamin Kinoti,,,,
97,0010Y00001YYq3kQAD,Yamoto Pub,NORTH WEST,Bunda,Vicent Baltazal,,,,
98,0010Y00001YYiBEQA1,Natta Pub,NORTH WEST,Bunda,Vicent Baltazal,,,,
99,0010Y00001Vy3awQAB,Police Mess,NORTH WEST,Musoma,Robert Maswanya,,,,
100,0010Y00001Vy3cTQAR,Nyota ya Ng'ombe,NORTH WEST,Musoma,Robert Maswanya,,,,
101,0010Y00001QK5EZQA1,NEW ADAM BAR,SOUTH,MBALIZI,HAMIS CHANG'A,,,,
102,0010Y00001QK2SJQA1,SHIKAMOO PUB,SOUTH,ILOMBA,SAKINA MKETO,,,,
103,0010Y00001QK32iQAD,MWANJI PUB,SOUTH,MBALIZI,HAMIS CHANG'A,,,,
104,0010Y00001QK32rQAD,PETER WA PETER PUB,SOUTH,MBALIZI,HAMIS CHANG'A,,,,
105,0010Y00001QK32xQAD,MWAMBURUMA  HIGH WAY BAR,SOUTH,MBALIZI,HAMIS CHANG'A,,,,
106,0010Y00001QK32yQAD,WEMA BAR,SOUTH,MBALIZI,HAMIS CHANG'A,,,,
107,0010Y00001QK332QAD,PETER WA PETER PUB B,SOUTH,MBALIZI,HAMIS CHANG'A,,,,
108,0010Y00001QK33AQAT,FLAMINGO PUB,SOUTH,MBALIZI,HAMIS CHANG'A,,,,
109,0010Y00001QK33DQAT,IVALALILA MIN PUB,SOUTH,MBALIZI,HAMIS CHANG'A,,,,
110,0010Y00001QK33GQAT,KATAVI VILLAGE PUB,SOUTH,MBALIZI,HAMIS CHANG'A,,,,
111,0010Y00001QK34qQAD,SWAYA MIN MARKET,SOUTH,ILOMBA,SAKINA MKETO,,,,
112,0010Y00001QK35vQAD,LUVANDA GROCERY,SOUTH,SAE,SAKINA MKETO,,,,
113,0010Y00001QK35xQAD,TOROKA UJE,SOUTH,IYUNGA,HAMIS CHANG'A,,,,
114,0010Y00001QK5GOQA1,AFTER WORK BAR AND LODGE,SOUTH,ISANGA,CHESCO KIVEMBELE,,,,
115,0010Y00001QK5FdQAL,WALI SAMAKI,SOUTH,SOWETO,CHESCO KIVEMBELE,,,,
116,0010Y00001QK38lQAD,SANGA MIN BAR,SOUTH,ISANGA,CHESCO KIVEMBELE,,,,
117,0010Y00001QK5FlQAL,HOPE VILLE,SOUTH,SOWETO,CHESCO KIVEMBELE,,,,
118,0010Y00001QK5EWQA1,MAPACHA BAR & LODGE,SOUTH,SOWETO,CHESCO KIVEMBELE,,,,
119,0010Y00001QK5ETQA1,RAMBO BAR,SOUTH,MBALIZI,HAMIS CHANG'A,,,,
120,0010Y00001QK5EwQAL,WAGADUGU BAR,SOUTH,MBALIZI,HAMIS CHANG'A,,,,
121,0010Y00001QK5EXQA1,COMPUTER BAR,SOUTH,MBALIZI,HAMIS CHANG'A,,,,
122,0010Y00001QK5EYQA1,POWER BAR,SOUTH,MBALIZI,HAMIS CHANG'A,,,,
123,0010Y00001QK5F8QAL,FACE TO FACE PUB,SOUTH,IYUNGA,HAMIS CHANG'A,,,,
124,0010Y00001QK5F9QAL,LONDON HIGH CLASS BAR,SOUTH,IYUNGA,HAMIS CHANG'A,,,,
125,0010Y00001QK2S4QAL,XTRA POWER,SOUTH,NZOVWE,CHESCO KIVEMBELE,,,,
126,0010Y00001QK5GaQAL,NEW ROMBO JOMELLA BAR,SOUTH,ISANGA,CHESCO KIVEMBELE,,,,
127,0010Y00001QK5FEQA1,BREAK POINT GARDEN BAR,SOUTH,IYUNGA,CHESCO KIVEMBELE,,,,
128,0010Y00001QK5FXQA1,MARAFIKI LOUNGE,SOUTH,ILOMBA,SAKINA MKETO,,,,
129,0010Y00001QK5ERQA1,KITELEWASI PUB,SOUTH,SONGWE,CHESCO KIVEMBELE,,,,
130,0010Y00001QK5GfQAL,KWETU BAR,SOUTH,UYOLE,SAKINA MKETO,,,,
131,0010Y00001QK5GKQA1,NEW SAVOY BAR,SOUTH,PHINE,CHESCO KIVEMBELE,,,,
132,0010Y00001QK5GVQA1,NYASANGA BAR & GUEST HOUSE,SOUTH,UYOLE,SAKINA MKETO,,,,
133,0010Y00001QK6JwQAL,MBEYA CARNIVAL NIGHT CLUB,SOUTH,MAFIATI,CHESCO KIVEMBELE,,,,
134,0010Y00001Vy563QAB,MIAMI SUPER BAR,SOUTH,MLANDEGE,SAIDI ZANI,,,,
135,0010Y00001blP5AQAU,LAMOLY ARENA THE SPORTS BAR,SOUTH,MAJENGO,MASOUD MRISHO,,,,
136,0010Y00001QK5FlQAL,HOPE VILLE,SOUTH,SOWETO,SAKINA MKETO,,,,
137,0010Y00001QK5FTQA1,TARAKEA BAR,SOUTH,ILOMBA,SAKINA MKETO,,,,
138,0010Y00001Vy48tQAB,VANTELLA GUEST HOUSE,SOUTH,KYELA,PRSICUS KIMARIO,,,,
139,0010Y00001QK2VqQAL,CHAULA LOUNGE,SOUTH,MZUMBE,HAMIS CHANG'A,,,,
140,0010Y00001QK32uQAD,USWAZI MIN BAR,SOUTH,MBALIZI,HAMIS CHANG'A,,,,
141,0010Y00001QK33EQAT,SHOW ROOM PUB,SOUTH,MBALIZI,HAMIS CHANG'A,,,,
142,0010Y00001QK33QQAT,GUBBA GROCERY,SOUTH,MBALIZI,HAMIS CHANG'A,,,,
143,0010Y00001QK33VQAT,UNCLE NYALILE PUB,SOUTH,MBALIZI,HAMIS CHANG'A,,,,
144,0010Y00001QK5GBQA1,ROMBO ANNEX,SOUTH,KABWE,CHESCO KIVEMBELE,,,,
145,0010Y00001QK365QAD,ROMBO FRIENDS,SOUTH,KABWE,CHESCO KIVEMBELE,,,,
146,0010Y00001QK37tQAD,ITALIAN PUB,SOUTH,PHINE,CHESCO KIVEMBELE,,,,
147,0010Y00001QK38bQAD,GOMBE BAR,SOUTH,UYOLE,SAKINA MKETO,,,,
148,0010Y00001QK38DQAT,SIDE BOY GROCERY,SOUTH,UYOLE,SAKINA MKETO,,,,
149,0010Y00001QK32lQAD,KIBOSHO SHINE,SOUTH,SONGWE,CHESCO KIVEMBELE,,,,
150,0010Y00001QK38MQAT,IGAWILO PUB,SOUTH,UYOLE,SAKINA MKETO,,,,
151,0010Y00001QK38RQAT,MASOKO BAR,SOUTH,UYOLE,SAKINA MKETO,,,,
152,0010Y00001QK5EUQA1,WHITE ROSE BAR,SOUTH,MBALIZI,HAMIS CHANG'A,,,,
153,0010Y00001QK5ExQAL,VALILE HOTEL,SOUTH,MBALIZI,HAMIS CHANG'A,,,,
154,0010Y00001QK5EZQA1,NEW ADAM BAR,SOUTH,MBALIZI,HAMIS CHANG'A,,,,
155,0010Y00001QK5EzQAL,NEGRO PUB,SOUTH,MBALIZI,HAMIS CHANG'A,,,,
156,0010Y00001QK5F0QAL,NEGRO LODGE & BAR,SOUTH,MBALIZI,HAMIS CHANG'A,,,,
157,0010Y00001QK5F1QAL,NURU PUB,SOUTH,MBALIZI,HAMIS CHANG'A,,,,
158,0010Y00001QK5F3QAL,NURU INN BAR,SOUTH,MBALIZI,HAMIS CHANG'A,,,,
159,0010Y00001QK5FAQA1,LUSAKA BAR,SOUTH,IYUNGA,HAMIS CHANG'A,,,,
160,0010Y00001QK5FFQA1,DOMMY GROCERY,SOUTH,AIRPORT,CHESCO KIVEMBELE,,,,
161,0010Y00001QK5FHQA1,BALOON BAR,SOUTH,AIRPORT,CHESCO KIVEMBELE,,,,
162,0010Y00001QK5FKQA1,MGAMIE PUB,SOUTH,AIRPORT,CHESCO KIVEMBELE,,,,
163,0010Y00001QK5GSQA1,NEGELO BAR,SOUTH,KABWE,CHESCO KIVEMBELE,,,,
164,0010Y00001QK5FOQA1,THE TWO B'S,SOUTH,MAMA JOHN,SAKINA MKETO,,,,
165,0010Y00001QK5FQQA1,TUMAINI LODGE,SOUTH,ILOMBA,SAKINA MKETO,,,,
166,0010Y00001QK5GjQAL,KING LEADERS HOTEL,SOUTH,JAKARANDA,HAMIS CHANG'A,,,,
167,0010Y00001QK5EXQA1,COMPUTER BAR,SOUTH,MBALIZI,HAMIS CHANG'A,,,,
168,0010Y00001QK5GrQAL,KAREMBU,SOUTH,SOKO MATOLA,HAMIS CHANG'A,,,,
169,0010Y00001Vy4NfQAJ,MINYARANI BAR,SOUTH,TRM,MARY MUSHI,,,,
170,0010Y00001Vy5D0QAJ,HOLIDAY BAR,SOUTH,VETA,SAIDI ZANI,,,,
171,0010Y00001QK34WQAT,BS MAKONDEKO PUB,SOUTH,KALOBE,HAMIS CHANG'A,,,,
172,0010Y00001VVAm7QAH,MAJOSA PUB,SOUTH,KATUMBA,PRISCUS KIMARIO,,,,
173,0010Y00001VVO7DQAX,NEW KIVANGA PUB,SOUTH,KK,PRISCUS KIMARIO,,,,
174,0010Y00001VUxdLQAT,KIVANGA BAR STAND,SOUTH,STAND,PRISCUS KIMARIO,,,,
175,0010Y00001VVAbkQAH,BINGWA GROCERY/REBECCA/CHECK LIGHT,SOUTH,USHIRIKA,PRISCUS KIMARIO,,,,
176,0010Y00001VUxFiQAL,MWAKYOMA BAR&GUEST HOUSE,SOUTH,TOWN,PRISCUS KIMARIO,,,,
177,0010Y00001VVAf6QAH,UNENAMWA INN BAR,SOUTH,TOWN,PRISCUS KIMARIO,,,,
178,0010Y00001VVbrcQAD,MSM PUB,SOUTH,TOWN,PRISCUS KIMARIO,,,,
179,0010Y00001Vy4yxQAB,PUB LATINO,SOUTH,IPOGOLO,SAID ZANI,,,,
180,0010Y00001YW27tQAD,MUHANGA BAR,SOUTH,ILULA,SAID ZANI,,,,
181,0010Y00001YW2B7QAL,MKITA BAR,SOUTH,RUAHA MBUYUNI,SAID ZANI,,,,
182,0010Y00001YW2YfQAL,HILTOP BAR,SOUTH,RUAHA MBUYUNI,SAID ZANI,,,,
183,0010Y00001YW2YkQAL,GEZA BAR,SOUTH,RUAHA MBUYUNI,SAID ZANI,,,,
184,0010Y00001Vy4D6QAJ,PARIS BAR,SOUTH,TOWN,SAID ZANI,,,,
185,0010Y00001Vy5D0QAJ,HOLIDAY BAR,SOUTH,TOWN,SAID ZANI,,,,
186,0010Y00001Vy4ynQAB,MANYARA BAR,SOUTH,TOWN,SAID ZANI,,,,
187,0010Y00001Vy563QAB,MIAMI BAR,SOUTH,TOWN,SAID ZANI,,,,
188,0010Y00001Vy5DAQAZ,SHINE PUB,SOUTH,TOWN,SAID ZANI,,,,
189,0010Y00001Vy55tQAB,BLACK AND WHITE BAR,SOUTH,TOWN,MARRY MUSHI,,,,
190,0010Y00001Vy46JQAR,MARKET VIEW BAR,SOUTH,TOWN,MARRY MUSHI,,,,
191,0010Y00001Vy4NfQAJ,MINYAARANI  BAR,SOUTH,TOWN,MARRY MUSHI,,,,
192,0010Y00001Vy5UuQAJ,C2C BAR,SOUTH,TOWN,MARRY MUSHI,,,,
193,0010Y00001Vy4IoQAJ,CCM COMPLEX,SOUTH,TOWN,MARRY MUSHI,,,,
194,0010Y00001VxnTXQAZ,OVER THE TOP BAR,SOUTH,MAFINGA,HANCE MGAYA,,,,
195,0010Y00001VWtxYQAT,LUPONDO BAR,SOUTH,MAFINGA,HANCE MGAYA,,,,
196,0010Y00001VxnNuQAJ,KWELU BAR,SOUTH,MAFINGA,HANCE MGAYA,,,,
197,0011i00000R3IE9AAN,THE PRINCE BAR,SOUTH,MAFINGA,HANCE MGAYA,,,,
198,0010Y00001VxnnwQAB,USILILO BAR,SOUTH,MAFINGA,HANCE MGAYA,,,,
199,0010Y00001VTnctQAD,R GROCERY,SOUTH,UWANJA WA FISI,EVANCE ALOYCE,,,,
200,0010Y00001VTnbRQAT,KALENGA BAR,SOUTH,MASASI,EVANCE ALOYCE,,,,
201,0010Y00001VTngGQAT,KIBO BAR,SOUTH,MASASI,EVANCE ALOYCE,,,,
202,0010Y00001VTmEzQAL,KILWA PM RESORT GUEST &RESTRAURANT (MIWA),SOUTH,KILWA,FRIDOLINE MASHALO,,,,
203,0010Y00001VTnhEQAT,BR NIGHT PARK,SOUTH,MASASI,EVANCE ALOYCE,,,,
204,0010Y00001VTnnvQAD,JUNCTION PUB,SOUTH,NDANDA,EVANCE ALOYCE,,,,
205,0010Y00001VTjoEQAT,BIASHARA CLUB,SOUTH,TOWN,FRIDOLINE MASHALO,,,,
206,0010Y00001VTnq7QAD,MKANJERA PUB,SOUTH,MAHUTA,EVANCE ALOYCE,,,,
207,0010Y00001VTo6ZQAT,POLICE CANTEEN TANDAHIMBA,SOUTH,TANDAHIMBA,EVANCE ALOYCE,,,,
208,0010Y00001VToDAQA1,MNARANI LODGE&BAR,SOUTH,TANDAHIMBA,EVANCE ALOYCE,,,,
209,0010Y00001VToODQA1,GALAX PUB,SOUTH,TANDAHIMBA,EVANCE ALOYCE,,,,
210,0010Y00001VTjnkQAD,CHILLAX - CALFONIA BAR,SOUTH,TOWN,FRIDOLINE MASHALO,,,,
211,0010Y00001VToT7QAL,ADAMU VIAZI PUB,SOUTH,MASASI,EVANCE ALOYCE,,,,
212,0011n00001pt7kUAAQ,ZURICH PUB,SOUTH,NACHINGWEA,FRIDOLINE MASHALO,,,,
213,0010Y00001StbbtQAB,SHANGANI BEACH PUB,SOUTH,TOWN,EVANCE ALOYCE,,,,
214,0010Y00001StbalQAB,CECCY BAR,SOUTH,TOWN,EVANCE ALOYCE,,,,
215,0010Y00001Stba2QAB,WHATSUP PUB,SOUTH,DANGOTE,EVANCE ALOYCE,,,,
216,0010Y00001StbcSQAR,BLANTYRE PUB,SOUTH,TOWN,EVANCE ALOYCE,,,,
217,0010Y00001VTjoJQAT,GYMKANA BAR LINDI,SOUTH,TOWN,FRIDOLINE MASHALO,,,,
218,0010Y00001StbdVQAR,KUMEKUCHA BAR,SOUTH,TOWN,EVANCE ALOYCE,,,,
219,0010Y00001StbflQAB,THE DON PUB,SOUTH,ZIWANI,EVANCE ALOYCE,,,,
220,0010Y00001VTmO6QAL,Y2K PUB,SOUTH,NACHINGWEA,FRIDOLINE MASHALO,,,,
221,0010Y00001QK684QAP,LAMINA BAR,NORTH EAST,MOSHI CITY CENTRE,FLORA SARIAH,,,,
222,0010Y00001QK67XQAD,POLICE MESS,NORTH EAST,MOSHI CITY CENTRE,FLORA SARIAH,,,,
223,0010Y00001QK67JQAD,MAMA PHILLIPS,NORTH EAST,MOSHI CITY CENTRE,FLORA SARIAH,,,,
224,0010Y00001QK67mQAD,EAST AFRICA BAR,NORTH EAST,MOSHI CITY CENTRE,FLORA SARIAH,,,,
225,0010Y00001KQK6C2QAL,SAFARI BAR ,NORTH EAST,BOMA N'GOMBE,ESTON MBILINYI,,,,
226,0010Y00001QK6BzQAL,CROWN PUB,NORTH EAST,BOMA N'GOMBE,ESTON MBILINYI,,,,
227,0010Y00001QK6AOQAI,FM BAR,NORTH EAST,BOMA N'GOMBE,ESTON MBILINYI,,,,
228,0010Y00001QK4tDQAD,FIRST CHOICE,NORTH EAST,BOMA N'GOMBE,ESTON MBILINYI,,,,
229,0010Y00001QK6AIQAL,BIKERS BAR,NORTH EAST,MOSHI CITY CENTRE,TUMAINI TARIMO,,,,
230,0011i00000AJHmXAAV,AMUZZ BAR,NORTH EAST,MOSHI CITY CENTRE,TUMAINI TARIMO,,,,
231,0010Y000001QK6AnQAL,VEGAS SPORT BAR ,NORTH EAST,MOSHI CITY CENTRE,TUMAINI TARIMO,,,,
232,0010Y00001QK4wJQAT,BARANCO BAR,NORTH EAST,MOSHI CITY CENTRE,TUMAINI TARIMO,,,,
233,0010Y00001QK65JQAT,PICNIC BAR,NORTH EAST,ARUSHA CITY CENTRE,CATHERINE LYAKURWA,,,,
234,0010Y000001QK65KQAT,XO LOUNGE,NORTH EAST,ARUSHA CITY CENTRE,CATHERINE LYAKURWA,,,,
235,0010Y00001QK64VQAT,KENNY GARDEN,NORTH EAST,ARUSHA CITY CENTRE,CATHERINE LYAKURWA,,,,
236,0010Y00001QK2m9QAD,KIJENGE LOUNGE,NORTH EAST,ARUSHA CITY CENTRE,EMMY KAWICHE,,,,
237,0010Y00001QK6511QAD,GOOOD HOPE,NORTH EAST,ARUSHA CITY CENTRE,EMMY KAWICHE,,,,
238,0010Y00001QK647QAD,YMCA BAR,NORTH EAST,ARUSHA CITY CENTRE,EMMY KAWICHE,,,,
239,0010Y00001QK63WQAT,SUMNI BAR,NORTH EAST,TENGERU,AGATH SWAI,,,,
240,0010Y00001QK63jQAD,TANGO BAR,NORTH EAST,USA,AGATH SWAI,,,,
241,0010Y00001QInXdQAL,SONGAMBELE BAR,NORTH EAST,MERERANI,AGATH SWAI,,,,
242,0010Y00001QK61UQAT,BONDENI BAR,NORTH EAST,MERERANI,AGATH SWAI,,,,
243,001000001QK4dFQAT,HH CLASSIC BAR,NORTH EAST,ARUSHA CITY CENTRE,NAISHIE MOLLEL,,,,
244,0010Y00001QK16QAD,NEW OBAMA,NORTH EAST,ARUSHA CITY CENTRE,NAISHIE MOLLEL,,,,
245,00100001QK63JQAT,PEACE POINT,NORTH EAST,ARUSHA CITY CENTRE,NAISHIE MOLLEL,,,,
246,0010Y00001QK16VQAD,THE PLACE,NORTH EAST,ARUSHA CITY CENTRE,NAISHIE MOLLEL,,,,
247,0010Y00001QK62JQAD,ARUSHA RAHA ,NORTH EAST,ARUSHA CITY CENTRE,SUZZANE CHURRY,,,,
248,0010Y00001QK62GQAD,TARAKEA BAR,NORTH EAST,ARUSHA CITY CENTRE,SUZZANE CHURRY,,,,
249,001Y00001QK4FTQAT,NEW SUGAR LAND PAPAA,NORTH EAST,ARUSHA CITY CENTRE,SUZZANE CHURRY,,,,
250,0010Y00001QK62FQAT,BLUE PUB,NORTH EAST,ARUSHA CITY CENTRE,SUZZANE CHURRY,,,,
251,0010Y00001QK66HQAD,ARUSHA NIGHT PARK 1,NORTH EAST,ARUSHA CITY CENTRE,FATMA KIMANTA,,,,
252,001Y00001QK66IQAD,ARUSHA NIGHT PARK 2,NORTH EAST,ARUSHA CITY CENTRE,FATMA KIMANTA,,,,
253,001000001QK66MQAT,SIMBA GRILL,NORTH EAST,ARUSHA CITY CENTRE,FATMA KIMANTA,,,,
254,0010Y00001QK4J3QAD,MOUNT POINT,NORTH EAST,ARUSHA CITY CENTRE,FATMA KIMANTA,,,,
255,0010Y00001QK661QAT,NEW CITY GARDEN,NORTH EAST,ARUSHA CITY CENTRE,FATMA KIMANTA,,,,
256,0010Y00001Stk4wQAB,NEW EDEN BAR & GUEST HOUSE,NORTH EAST,TANGA,GIDEON MWASAPI,,,,
257,0010Y00001StjncQAB,WAZAZI BAR,NORTH EAST,TANGA,GIDEON MWASAPI,,,,
258,0010Y00001Stk60QAR,NEW MGETA BAR,NORTH EAST,TANGA,GIDEON MWASAPI,,,,
259,0010Y00001Stk4mQAB,AMAZONE BAR,NORTH EAST,TANGA,GIDEON MWASAPI,,,,
260,0010Y00001Stk0fQAB,NGOREME PARK,NORTH EAST,TANGA,IPYANA MWASAPENTA,,,,
261,0010Y00001Stk1sQAB,TEXAS BAR,NORTH EAST,PONGWE,IPYANA MWASAPENTA,,,,
262,0010Y00001StjiMQAR,FLORIDA BAR,NORTH EAST,PONGWE,IPYANA MWASAPENTA,,,,
263,0010Y00001aL32IQAS,WHITE HOUSE BAR,NORTH EAST,MUHEZA,IPYANA MWASAPENTA,,,,
264,0011i00000Ak8ujAAB,PANGADECO BAR,NORTH EAST,PANGANI,IPYANA MWASAPENTA,,,,
265,0010Y00001aL2zsQAC,KIVUMBI BAR,NORTH EAST,HALE,IPYANA MWASAPENTA,,,,
266,0011i00000R3FnEAAV,DALLAS PUB,NORTH EAST,MKATA,IPYANA MWASAPENTA,,,,
267,0010Y00001aL38fQAC,REXONA BAR AND GUEST,NORTH EAST,HANDENI,ABUBAKARI NCHIMBI,,,,
268,0010Y00001aL3aoQAC,MSUFINI BAR,NORTH EAST,SONI,ABUBAKARI NCHIMBI,,,,
269,0010Y00001aL3TJQA0,REHEMA SHOP OPPOSITE MAGEREZA,NORTH EAST,KOROGWE,ABUBAKARI NCHIMBI,,,,
270,0010Y00001aL35lQAC,GOOD HOPE GROCERY,NORTH EAST,LUSHOTO,ABUBAKARI NCHIMBI,,,,
271,0010Y00001aL3hfQAC,NGAZI NYINGI GROCERY,NORTH EAST,MOMBO,ABUBAKARI NCHIMBI,,,,
272,0010Y00001UQsP2QAL,TRIPLE D LODGE & BAR,NORTH EAST,HEDARU,JULIUS MELIO,,,,
273,0010Y00001UQsWIQA1,PADECO SAFARI GRILL,NORTH EAST,SAME,JULIUS MELIO,,,,
274,0011i00000AiS1oAAF,NICE PUB,NORTH EAST,SAME,JULIUS MELIO,,,,
275,0010Y00001UQsSVQA1,MBC PARK&GRILL,NORTH EAST,MWANGA,JULIUS MELIO,,,,
276,0010Y00001UQseRQAT,DONALD BAR,NORTH EAST,MGAGAO,JULIUS MELIO,,,,
277,0010Y00001QK4xiQAD,SMALL GAS,NORTH EAST,KINYANGE,JOSEPH MASOY,,,,
278,0010Y00001QK4xZQAT,RIWA SHOP,NORTH EAST,KILEMA,JOSEPH MASOY,,,,
279,0010Y00001QK6BeQAL,MANDELA BAR,NORTH EAST,MWIKA,JOSEPH MASOY,,,,
280,0011n00001kntqGAAQ,KINGSIZE BAR,NORTH EAST,HIMO,JOSEPH MASOY,,,,
281,0010Y00001QK6BYQA1,WTC BAR,NORTH EAST,MARANGU,JOSEPH MASOY,,,,
282,0010Y00001UQHfsQAH,ICE VEGAS,NORTH EAST,TARAKEA,HURBERT MALLYA,,,,
283,0010Y00001TurXeQAJ,KILIMANJARO BAR,NORTH EAST,USERI,HURBERT MALLYA,,,,
284,0010Y00001TwAfAQAV,ROMBO GENERATION BAR,NORTH EAST,MASHATI,HURBERT MALLYA,,,,
285,0010Y00001ZhnmiQAB,ROMBO GARDEN BAR,NORTH EAST,MKUU,HURBERT MALLYA,,,,
286,0010Y00001TPgiaQAD,NAMSHABA SHOP,NORTH EAST,KIBORO,HURBERT MALLYA,,,,
287,0010Y00001TPVmQQAX,SALZBURGER BAR,NORTH EAST,KENI,HURBERT MALLYA,,,,
288,0010Y00001TPENqQAP,SHIA BAR,NORTH EAST,MAMSERA,HURBERT MALLYA,,,,
289,0010Y00001QK69nQAD,FOREST BAR,NORTH EAST,MOSHI,NEEMA LAUWO,,,,
290,0010Y00001QK67LQAT,KINONDONI BAR,NORTH EAST,MOSHI,VICTOR MAKWELI,,,,
291,0010Y00001ha8FQQAY,G8,NORTH EAST,SINGIDA ,JOHN LISAKAFU,,,,
292,0010Y00001ha8IKQAY,KIRIMA LODGING AND BAR.,NORTH EAST,SINGIDA ,ABAS JAMAL,,,,
293,0010Y00001ha85aQAA,SAMAKI PUB,NORTH EAST,SINGIDA ,JOHN LISAKAFU,,,,
294,0010Y00001ha8CWQAY,RWEZAURA BAR,NORTH EAST,SINGIDA ,JOHN LISAKAFU,,,,
295,0010Y00001ha7fXQAQ,STAR CITY,NORTH EAST,SINGIDA ,JOHN LISAKAFU,,,,
296,0010Y00001ha8DyQAI,MBACHO BAR,NORTH EAST,SINGIDA ,JOHN LISAKAFU,,,,
297,0010Y00001ha8IeQAI,SERENGETI BAR,NORTH EAST,SINGIDA ,ABAS JAMAL,,,,
298,0010Y00001ha8BsQAI,NGORO NGORO BAR,NORTH EAST,SINGIDA ,ABAS JAMAL,,,,
299,0010Y00001ha8DPQAY,KILIMANJARO BAR,NORTH EAST,SINGIDA ,ABAS JAMAL,,,,
300,0010Y00001UQrtuQAD,CHINI YA MTI BAR,NORTH EAST,MDORI,TUMAIN BAHA,,,,
301,0011i00000AjO5yAAF,PERFECT BAR,NORTH EAST,BABATI,TUMAIN BAHA,,,,
302,0010Y00001UQsGdQAL,SMART BAR,NORTH EAST,BABATI,TUMAIN BAHA,,,,
303,0010Y00001UQs5BQAT,KABILAS BAR,NORTH EAST,BABATI,TUMAIN BAHA,,,,
304,0010Y00001UQs35QAD,NYUMBANI RESORT,NORTH EAST,BABATI,TUMAIN BAHA,,,,
305,0010Y00001UQrL8QAL,DOUBLE M,NORTH EAST,MTO WA MBU,ELIAKIM RAPHAEL,,,,
306,0010Y00001UQrLIQA1,SCOPION CLUB,NORTH EAST,MTO WA MBU,ELIAKIM RAPHAEL,,,,
307,0010Y00001UQrrsQAD,DIGITAL BAR,NORTH EAST,MTO WA MBU,ELIAKIM RAPHAEL,,,,
308,0010Y00001UQr8nQAD,MANYARA GARDEN,NORTH EAST,KARATU,ELIAKIM RAPHAEL,,,,
309,0010Y00001UQrrEQAT,KANAN BAR,NORTH EAST,KARATU,ELIAKIM RAPHAEL,,,,
310,0010Y00001QK6BDQA1,MONGI BAR,NORTH EAST,MONDULI,FRIDASIYA LYIMO,,,,
311,0010Y00001QK60JQAT,WINS BAR,NORTH EAST,MONDULI,FRIDASIYA LYIMO,,,,
312,0010Y00001QK61FQAT,MJENGONI CLUB,NORTH EAST,OLASITI ROAD,FRIDASIYA LYIMO,,,,
313,0010Y00001QK63lQAD,NGORO NGORO  IN BAR,NORTH EAST,KISONGO,FRIDASIYA LYIMO,,,,
314,0010Y00001QK60DQAT,PRINCESS BAR,NORTH EAST,MROMBO,VIOLET KIDAI,,,,
315,0010Y00001QK60qQAD,THE KILL TIME BAR,NORTH EAST,MROMBO,VIOLET KIDAI,,,,
316,0010Y00001QK60aQAD,THE BRIDGE PUB,NORTH EAST,MROMBO,VIOLET KIDAI,,,,
317,0010Y00001QK60VQAT,CHAMELOT,NORTH EAST,USWAHILINI,VIOLET KIDAI,,,,
318,0010Y00001QK67wQAD,GLADEN BAR,NORTH EAST,SAKINA ,MIDVENT MAX,,,,
319,0011i00000R1utYAAR,PLAN B,NORTH EAST,SAKINA ,MIDVENT MAX,,,,
320,0010Y00001QK66sQAD,CHOICE PUB,NORTH EAST,SAKINA ,MIDVENT MAX,,,,
321,0010Y00001QK68hQAD,LA DM PUB,NORTH EAST,SAKINA ,MIDVENT MAX,,,,
322,0011i00000R0zDDAAZ,SARAFINA TAVERN BAR,NORTH EAST,NAMANGA,GERALD PIUS,,,,
323,0011i00000R0x21AAB,TMT LOUNGE,NORTH EAST,NAMANGA,GERALD PIUS,,,,
324,0010Y00001QK50wQAD,WAKULIMA BAR,NORTH EAST,NAMANGA,GERALD PIUS,,,,
325,0010Y00001QK6B4QAL,GREEN VILLAGE,NORTH EAST,NAMANGA,GERALD PIUS,,,,
582,0010Y00001XrVtgQAF,MLAY GROCEY,NORTH EAST,MOSHI,NEEMA LAUWO,,,,
583,0010Y00001XrVtCQAV,ROBBINS PUB,NORTH EAST,MOSHI,NEEMA LAUWO,,,,
584,,MOSHI PAZURI,NORTH EAST,MOSHI,NEEMA LAUWO,,,,
585,0010Y00001QK66uQAD,VATICAN BAR,NORTH EAST,MOSHI,VICTOR MAKWELI,,,,
586,0010Y00001QK67UQAT,MBOSHO BAR,NORTH EAST,MOSHI,VICTOR MAKWELI,,,,
587,0010Y00001QK67FQAT,CAPE TOWN BAR,NORTH EAST,MOSHI,VICTOR MAKWELI,,,,
588,0010Y00001QK60SQAT,DID INVESTMENT BAR,NORTH EAST,NJIA PANDA,DAVID LYIMO,,,,
589,,KILI EAST BAR,NORTH EAST,MBWARUKI,DAVID LYIMO,,,,
590,0011n00001kntiMAAQ,WHITE HOUSE BAR,NORTH EAST,HOLILI,DAVID LYIMO,,,,
591,0011i00000AiDg4AAF,APPOINTMENT BAR,NORTH EAST,MNAZI,DAVID LYIMO,,,,
326,0010Y00001QK3cDQAT,SUMMER GARDEN,CENTRAL,KIGAMBONI,HAPPYNESS KUCHUSSA,,,,
327,0010Y00001QK3CRQA1,MAMA LULU PUB,CENTRAL,KIGAMBONI,HAPPYNESS KUCHUSSA,,,,
328,0010Y00001QK3GxQAL,DOUBLE J PUB,CENTRAL,MBAGALA,BARAKA LEKEY,,,,
329,0010Y00001QK3QPQA1,TOROKA UJE,CENTRAL,MBANDE,HAPPYNESS KUCHUSSA,,,,
330,0010Y00001QK3W2QAL,TAIFA PUB,CENTRAL,TEMEKE,NURU MATHIAS,,,,
331,0010Y00001QK3ZjQAL,MNADANI PUB,CENTRAL,KIGAMBONI,HAPPYNESS KUCHUSSA,,,,
332,0010Y00001QK3ZkQAL,MAKANDI GARDEN,CENTRAL,KIGAMBONI,HAPPYNESS KUCHUSSA,,,,
333,0010Y00001QK5GvQAL,ANOTHER ANNEX TULIVU PUB,CENTRAL,KIGAMBONI,HAPPYNESS KUCHUSSA,,,,
334,0010Y00001QK5GwQAL,NAMPOMBO BAR,CENTRAL,MBANDE,GILBERT MWAMBENE,,,,
335,0010Y00001QK5HiQAL,KAKONKO CENTER,CENTRAL,MBAGALA,GILBERT MWAMBENE,,,,
336,0010Y00001QK5I2QAL,ZUENI PUB,CENTRAL,MBAGALA,BARAKA LEKEY, ,,,
337,0010Y00001QK5QgQAL,SANTIAGO PUB,CENTRAL,KIGAMBONI,HAPPYNESS KUCHUSSA,,,,
338,0010Y00001QK5R5QAL,BEN BAR,CENTRAL,BUGURUNI,AGNES JOSIAH,,,,
339,0010Y00001QK5VrQAL,UHURU GARDEN,CENTRAL,BUGURUNI,SIXTUSI SENDUYE,,,,
340,0010Y00001QK5VwQAL,MREMIS HOTEL,CENTRAL,BUGURUNI,SIXTUSI SENDUYE,,,,
341,0010Y00001QK5XWQA1,CONTENA BAR,CENTRAL,BUGURUNI,SIXTUSI SENDUYE,,,,
342,0010Y00001VzwWYQAZ,NYAMONGO BAR,CENTRAL,KIGAMBONI,HAPPYNESS KUCHUSSA,,,,
343,0011n00001p2lCAAAY,GOOGLE SEARCH PUB,CENTRAL,CHAMAZI,GILBERT MWAMBENE,,,,
344,0011n00001q40axAAA,MUSOMA RAHA BAR,CENTRAL,BUGURUNI,SIXTUSI SENDUYE,,,,
345,0010Y00001QK3bpQAD,Y2K POINT,CENTRAL,KIGAMBONI,HAPPYNESS KUCHUSSA,,,,
346,0010Y00001QK3HyQAL,ARSENAL PUB,CENTRAL,MSONGOLA,MAKOYE RICHARD,,,,
347,0010Y00001QK3LwQAL,EAST LONDON PUB,CENTRAL,BUZA,AGNES JOSIAH,,,,
348,0010Y00001QK3R0QAL,MANYOVU BAR,CENTRAL,KIGAMBONI,HAPPYNESS KUCHUSSA,,,,
349,0010Y00001QK3VKQA1,VICTORIA PUB,CENTRAL,BANANA,HAPPYNESS KUCHUSSA,,,,
350,0010Y00001QK5HEQA1,CHAMAZI PUB,CENTRAL,CHAMAZI,GILBERT MWAMBENE,,,,
351,0010Y00001QK5QQQA1,BUGAGA BAR,CENTRAL,KITUNDA,BENSON THOBIAS,,,,
352,0010Y00001QK5TBQA1,VISSION PUB,CENTRAL,KIGAMBONI,HAPPYNESS KUCHUSSA,,,,
353,0010Y00001Txjz9QAB,SILVER TREE PUB,CENTRAL,CHANIKA,MAKOYE RICHARD,,,,
354,0011n00001q434OAAQ,MIRAMBO ANNEX NIGHT CLUB,CENTRAL,BUGURUNI,SIXTUSI SENDUYE,,,,
355,0010Y00001QK3GgQAL,VEGETABLE GARDEN PUB,CENTRAL,KITUNDA,GILBERT MWAMBENE,,,,
356,0010Y00001QK5TsQAL,KISUMA BAR,CENTRAL,TEMEKE,NURU MATHIAS,,,,
357,0010Y00001QK5U1QAL,IMAGE PUB,CENTRAL,TEMEKE,NURU MATHIAS,,,,
358,0011n00001p0zBuAAI,SHAP KONA BAR,CENTRAL,TEMEKE,NURU MATHIAS,,,,
359,0011n00001p5gD9AAI,SUGAR RAY NIGHT CLUB,CENTRAL,TEMEKE,NURU MATHIAS,,,,
360,0010Y00001QK5GyQAL,SUMA BAR,CENTRAL,MBANDE,GILBERT MWAMBENE,,,,
361,0010Y00001QK5HHQA1,MANCHIRA EXECUTIVE AND LODGE,CENTRAL,CHAMAZI,GILBERT MWAMBENE,,,,
362,0010Y00001QK5HLQA1,NEW TEACHER BAR,CENTRAL,CHAMAZI,GILBERT MWAMBENE,,,,
363,0011n00001qNGPSAA4,SUMA WHITE PUB,CENTRAL,MBAGALA,GILBERT MWAMBENE,,,,
364,0011n00001qLl9qAAC,SONATE PUB,CENTRAL,CHANIKA,MAKOYE RICHARD,,,,
365,0010Y00001QK3FQQA1,MANYOSA PUB,CENTRAL,CHANIKA,MAKOYE RICHARD,,,,
366,0010Y00001QK5HBQA1,KONGOWE INN,CENTRAL,KONGOWE,GILBERT MWAMBENE,,,,
367,0010Y00001QK5H7QAL,ITALIAN SAFARI PARK,CENTRAL,CHANIKA,MAKOYE RICHARD,,,,
368,0010Y00001QK3VuQAL,KACHEKA PUB,CENTRAL,KIGAMBONI,HAPPYNESS KUCHUSSA,,,,
369,0010Y00001QK3LwQAL,EAST LONDON PUB,CENTRAL,BUZA,AGNES JOSIAH,,,,
370,0010Y00001QK5S2QAL,SMART PARK,CENTRAL,BENSON THOBIAS,BENSON THOBIAS,,,,
371,0010Y00001QK5SBQA1,AIRTEL PUB,CENTRAL,BENSON THOBIAS,BENSON THOBIAS,,,,
372,0010Y00001QK5SFQA1,BIG JOHNS BAR,CENTRAL,BENSON THOBIAS,BENSON THOBIAS,,,,
373,0010Y00001QK5RoQAL,LENGUYANA PUB,CENTRAL,ELIAS SANGA,ELIAS SANGA,,,,
374,0010Y00001QK3KTQA1,CHEKANAO GROCERY,CENTRAL,ELIAS SANGA,ELIAS SANGA,,,,
375,0010Y00001QK3N2QAL,J.KALAWA GROCERY,CENTRAL,ELIAS SANGA,ELIAS SANGA,,,,
376,0010Y00001QK5T0QAL,JS HOTEL,CENTRAL,NURU MATHIAS,NURU MATHIAS,,,,
377,0010Y00000sIkvLQAS,NEW SIDE WAY PARK,CENTRAL,BUNJU,AMOS MWANGOMALE,,,,
378,0010Y00001QK481QAD,KINGSTONE PARK AND RESORT,CENTRAL,MAKABE,LUPAKISYO MWANJOBE,,,,
379,0010Y00001QK5gCQAT,TERMINAL VILLA PARK,CENTRAL,MBEZI MWISHO,LUPAKISYO MWANJOBE,,,,
380,0010Y00001QK5kfQAD,FOREST PUB,CENTRAL,MBEZI MWISHO,BERTHA MTENGA,,,,
381,0010Y00001QK5ZNQA1,KWASHIRIMA BAR,CENTRAL,UBUNGO EXTERNAL,JOSEPHINE IRENGE,,,,
382,0010Y00000sIkpIQAS,DELSON CLUB,CENTRAL,BUNJU,AMOS MWANGOMALE,,,,
383,0010Y00000sIkqCQAS,GREEN PALM RESORT,CENTRAL,KUNDUCHI,ALBERT KILEO,,,,
384,0010Y00000sIkrxQAC,THE ONE HALL PUB,CENTRAL,TEGETA,DIANA KAWA,,,,
385,0010Y00000sIkrXQAS,KB BAR,CENTRAL,TEGETA,NEEMA MKAMA,,,,
386,0010Y00001f6GR3QAM,THE GREAT PARK,CENTRAL,TABATA,KELVIN SOMI,,,,
387,0010Y00001QK5fDQAT,PANAMA BAR,CENTRAL,KIBAMBA,BERTHA MTENGA,,,,
388,0010Y00001QK5fTQAT,CORNER BAR,CENTRAL,KIBAMBA,BERTHA MTENGA,,,,
389,0010Y00001QK5fuQAD,MTAULI INN,CENTRAL,KIBAMBA,BERTHA MTENGA,,,,
390,0010Y00001QK5mqQAD,TEXAS BAR,CENTRAL,GOBA,DIANA KAWA,,,,
391,0010Y00001QK5u9QAD,JULIANA HOTEL,CENTRAL,MBEZI CHINI,ALBERT KILEO,,,,
392,0010Y00001QK5WiQAL,4040 PUB,CENTRAL,TABATA,JOSEPHAT TERI,,,,
393,0010Y00001QK5X9QAL,KB PARADISE,CENTRAL,TABATA,JOSEPHINE IRENGE,,,,
394,0010Y00001QK5XkQAL,EMERATES RESORT,CENTRAL,TABATA,JOSEPHAT TERI,,,,
395,0010Y00001QK5YLQA1,JON DEE BAR,CENTRAL,KWEMBE,BERTHA MTENGA,,,,
396,0010Y00001YZjRUQA1,KIARANO PUB,CENTRAL,GOBA,DIANA KAWA,,,,
397,0011n00001p32m4AAA,PRINCES BAR,CENTRAL,BOKO,NEEMA MKAMA,,,,
398,0010Y00001QK3hzQAD,MROSO PUB,CENTRAL,KARIAKOO,KELVIN NKYA,,,,
399,0010Y00001QK3m4QAD,BONGOLE BAR,CENTRAL,KIGOGO,DIANA SERIA,,,,
400,0010Y00001QK40KQAT,NANGAI BAR,CENTRAL,KIMARA ROMBO,SARAH MATHIAS,,,,
401,0010Y00001QK48RQAT,SMILE PUB,CENTRAL,MWENGE,HERI UISSO,,,,
402,0010Y00001QK4A2QAL,SMALL GARDEN INN PUB,CENTRAL,KAWE,SILVANUS MUSOMI,,,,
403,0010Y00001QK4BJQA1,FULL DOZE PUB,CENTRAL,MBEZI BEACH,SILVANUS MUSOMI,,,,
404,0010Y00001QK4CEQA1,MSAE PUB,CENTRAL,MBEZI BEACH,SILVANUS MUSOMI,,,,
405,0010Y00001QK5cdQAD,SHENGENA BAR,CENTRAL,MANZESE,DIANA SERIA,,,,
406,0010Y00001QK5ckQAD,EURO96 BAR,CENTRAL,MABIBO,DIANA SERIA,,,,
407,0010Y00001QK5cmQAD,MRINA BAR,CENTRAL,MANZESE,DIANA SERIA,,,,
408,0010Y00001QK5dIQAT,STAR VIEW LODGE $ BAR,CENTRAL,MANZESE,LETICIA JUVENALIS,,,,
409,0010Y00001QK5dNQAT,KATUMBA BAR,CENTRAL,KINONDONI MKWAJUNI,LILIAN NYALUKE,,,,
410,0010Y00001QK5dxQAD,LEGHO BAR,CENTRAL,SINZA,LETICIA JUVENALIS,,,,
411,0010Y00001QK5eFQAT,NEW GARDEN BAR,CENTRAL,MANZESE,LETICIA JUVENALIS,,,,
412,0010Y00001QK5etQAD,SINZA UZURI,CENTRAL,TANDALE,LETICIA JUVENALIS,,,,
413,0010Y00001QK5gLQAT,BARAKA BAR,CENTRAL,MSEWE UBUNGO,SARAH MATHIAS,,,,
414,0010Y00001QK5hKQAT,BABUU BAR,CENTRAL,KINONDONI B,LILIAN NYALUKE,,,,
415,0010Y00001QK5l9QAD,ROYAL GARDEN BAR,CENTRAL,MSASANI,CONRAD RICK,,,,
416,0010Y00001QK5lBQAT,MARYLAND BAR,CENTRAL,MWENGE,HERI UISSO,,,,
417,0010Y00001QK5ljQAD,MIAMI CENTRE,CENTRAL,MWENGE,SILVANUS MUSOMI,,,,
418,0010Y00001QK5nHQAT,STELLAMATUTINA BAR,CENTRAL,MBEZI TANGI BOVU,SILVANUS MUSOMI,,,,
419,0010Y00001QK5XpQAL,MAKUTANO,CENTRAL,KARIAKOO,KELVIN NKYA,,,,
420,0010Y00001QK5Y3QAL,SHWARI BAR,CENTRAL,KARIAKOO,KELVIN NKYA,,,,
421,0011i00000I8rrWAAR,EMMANUEL STORE,CENTRAL,KIJITONYAMA,HERI UISSO,,,,
422,0010Y00001QK3lzQAD,GOOD TIME PARK,CENTRAL,KIGOGO,DIANA SERIA,,,,
423,0010Y00001QK3mQQAT,KING'OLE BAR,CENTRAL,KIGOGO,DIANA SERIA,,,,
424,0010Y00001QK3pPQAT,IBUNGU NIGHT CLUB,CENTRAL,MABIBO,DIANA SERIA,,,,
425,0010Y00001QK3tYQAT,ONLINE PUB,CENTRAL,MANZESE,DIANA SERIA,,,,
426,0010Y00001QK40vQAD,HAIDEN PUB,CENTRAL,KINONDONI B,LILIAN NYALUKE,,,,
427,0010Y00001QK49HQAT,DANNY PUB,CENTRAL,MIKOCHENI,HERI UISSO,,,,
428,0010Y00001QK49vQAD,MASSAE PUB,CENTRAL,KAWE,SILVANUS MUSOMI,,,,
429,0010Y00001QK4A7QAL,MJENGONI PUB,CENTRAL,KAWE BONDENI,SILVANUS MUSOMI,,,,
430,0010Y00001QK4AzQAL,WINNERS PUB,CENTRAL,KAWE,SILVANUS MUSOMI,,,,
431,0010Y00001QK5alQAD,ZIMBABWE RESORT,CENTRAL,MAGOMENI -USALAMA,WINSTON KAAYA,,,,
432,0010Y00001QK5ceQAD,CEBB INN BAR,CENTRAL,MANZESE,DIANA SERIA,,,,
433,0010Y00001QK5cTQAT,NEW  VILLAGE INN,CENTRAL,UBUNGO MAZIWA,LETICIA JUVENALIS,,,,
434,0010Y00001QK5fYQAT,KONA BAR,CENTRAL,KONA KIMARA,SARAH MATHIAS,,,,
435,0010Y00001QK5goQAD,KOROGWE PUB,CENTRAL,KIMARA KOROGWE,SARAH MATHIAS,,,,
436,0010Y00001QK5gOQAT,FOUR WAYS PUB,CENTRAL,KINONDONI MAKABURINI,LILIAN NYALUKE,,,,
437,0010Y00001QK5iBQAT,SERENGETI BAR,CENTRAL,MAKUMBUSHO,CONRAD RICK,,,,
438,0010Y00001QK5jmQAD,CORNER BAR,CENTRAL,SINZA,HERI UISSO,,,,
439,0010Y00001QK5kqQAD,NEW FIVE WAYS BAR,CENTRAL,MIKOCHENI,CONRAD RICK,,,,
440,0010Y00001QK5lDQAT,MIGOMBANI BAR,CENTRAL,SINZA SURVEY,SILVANUS MUSOMI,,,,
441,0010Y00001QK5mfQAD,MSASANI BEACH CLUB,CENTRAL,KAWE,SILVANUS MUSOMI,,,,
442,0010Y00001QK5mvQAD,IPRO BAR,CENTRAL,KAWE,SILVANUS MUSOMI,,,,
443,0010Y00001QK5n6QAD,JAMBO LEE PUB,CENTRAL,KAWE,SILVANUS MUSOMI,,,,
444,0010Y00001QK5tJQAT,COAST BAR,CENTRAL,MBEZI BEACH,SILVANUS MUSOMI,,,,
445,0011n00001ptMiDAAU,TIP TOP BAR,CENTRAL,MANZESE,DIANA SERIA,,,,
446,0011n00001p2i8nAAA,NEFALAND,CENTRAL,MAGOMENI -KAGERA,WINSTON KAAYA,,,,
447,0011n00001q3TjiAAE,MAMA CHALII PUB,CENTRAL,MIKOCHENI,HERI UISSO,,,,
448,0010Y00000sIkqDQAS,HACHA PUB,CENTRAL,BOKO,NEEMA MKAMA,,,,
449,0011i00000GD1jIAAT,5N PUB AND LOUNGE KIMARA,CENTRAL,KIMARA,FATUMA MALUMBO,,,,
450,0010Y00000sIkrjQAC,KILAKI PARK,CENTRAL,MADALE,DIANA KAWA,,,,
451,0010Y00000sIkvBQAS,NDUMWA GARDEN BAR,CENTRAL,BUNJU,AMOS MWANGOMALE,,,,
452,0010Y00000sIkw7QAC,PARKING BAR,CENTRAL,BUNJU,AMOS MWANGOMALE,,,,
453,0010Y00000sIkxFQAS,SATORI  PUB,CENTRAL,BUNJU,AMOS MWANGOMALE,,,,
454,0010Y00001QK4CaQAL,KINZUDI KONA PUB,CENTRAL,KINZUDI,ALBERT KILEO,,,,
455,0010Y00001QK5aBQAT,USESI BAR,CENTRAL,UBUNGO EXTERNAL,JOSEPHINE IRENGE,,,,
456,0010Y00001QK5i5QAD,COMFORT BAR,CENTRAL,MBEZI MWISHO,LUPAKISYO MWANJOBE,,,,
457,0010Y00001QK5VdQAL,G7 PUB,CENTRAL,KIFURU,FATUMA MALUMBO, ,,,
458,0010Y00001QK5VFQA1,BARACUDA BAR,CENTRAL,TABATA,JOSEPHINE IRENGE,,,,
459,0010Y00001QK5VLQA1,NEW KAVESU BAR,CENTRAL,KINYEREZI,KELVIN SOMI,,,,
460,0011i00000I93PGAAZ,LONDON LOUNGE,CENTRAL,UBUNGO EXTERNAL,JOSEPHINE IRENGE,,,,
461,0011i00000R2mZXAAZ,KITAMBA CHEUPE PUB,CENTRAL,TABATA,KELVIN SOMI,,,,
462,0011n00001ozoj6AAA,THE PLACE BAR,CENTRAL,TABATA,KELVIN SOMI,,,,
463,0011n00001pscdDAAQ,TRIPLE B PUB N NIGHT CLUB,CENTRAL,GOBA,DIANA KAWA, ,,,
464,0011n00001qNB3YAAW,NAMANGA PARK,CENTRAL,TEGETA,NEEMA MKAMA,,,,
465,0011i00000COFlTAAX,SP BAR AND LOUNGE,CENTRAL,KIMARA,FATUMA MALUMBO,,,,
466,0010Y00001QK5auQAD,MPAKANI PUB,CENTRAL,KIBAMBA,BERTHA MTENGA,,,,
467,0010Y00001QK5fhQAD,THREEWAYS PUB,CENTRAL,KIBAMBA,BERTHA MTENGA,,,, 
468,0010Y00001QK5XgQAL,LAST CALL BAR,CENTRAL,TABATA,JOSEPHAT TERI,,,,
469,0010Y00001QK5huQAD,SAN SIRO PUB,CENTRAL,MBEZI MWISHO,LUPAKISYO MWANJOBE,,,,
470,,NEW PERFECT PARK,CENTRAL,KIMARA,FATUMA MALUMBO,,,,
471,0010Y00001QK43cQAD,PERFECT BAR,CENTRAL,KIMARA,FATUMA MALUMBO,,,,
472,0011n00001p4HqyAAE,SOWETO PARK,CENTRAL,KIFURU,FATUMA MALUMBO,,,,
473,0010Y00001QK5u5QAD,SIDE WAY PARK,CENTRAL,MBEZI AFRICANA,ALBERT KILEO,,,,
474,0010Y00000sIkurQAC,MWANANDIO PUB,CENTRAL,BUNJU,AMOS MWANGOMALE,,,,
475,0011n00001p11LBAAY,LUXURY REASORT,CENTRAL,MIVUMONI,DIANA KAWA,,,,
592,,TAXIDO ,CENTRAL,BUZA,AGNES JOSIAH,,,,
476,0010Y00001QK2XCQA1,KAMBARAGE HOTEL,SOUTH,MOROGORO URBAN,GODFREY NYAMONGE,,,,
477,0010Y00001QK5bQQAT,TERMINAL PUB,SOUTH,MOROGORO URBAN,GODFREY NYAMONGE, ,,,
478,0010Y00001QK5upQAD,BIG BAR,SOUTH,DODOMA URBAN,CLEMENT MLELWA,,,,
479,0010Y00001QK5vMQAT,WASWANU BAR,SOUTH,DODOMA URBAN,ESTER MINJA,,,,
480,0010Y00001QK5woQAD,SHANGWE PUB,SOUTH,DODOMA URBAN,RODGERS MAKENGO,,,,
481,0010Y00001QK5WwQAL,BLUE PARM,SOUTH,MOROGORO URBAN,GODFREY NYAMONGE,,,,
482,0010Y00001QK5wWQAT,MWANGA BAR,SOUTH,DODOMA URBAN,ESTER MINJA,,,,
483,0010Y00001QK5wxQAD,MALAIKA PUB,SOUTH,DODOMA URBAN,RODGERS MAKENGO,,,,
484,0010Y00001QK5x7QAD,TENGIA BAR,SOUTH,DODOMA URBAN,ESTER MINJA,,,,
485,0010Y00001QK5XIQAL,RAIN BOW BAR,SOUTH,MOROGORO URBAN,GODFREY NYAMONGE,,,,
486,0010Y00001QK5xAQAT,CHAKO NI CHAKO BAR,SOUTH,DODOMA URBAN,ESTER MINJA,,,,
487,0010Y00001QK5ynQAD,CHANKUKU PUB,SOUTH,DODOMA URBAN,CLEMENT MLELWA,,,,
488,0010Y00001QK5ypQAD,UWISO BAR,SOUTH,DODOMA URBAN,CLEMENT MLELWA,,,,
489,0011n00001kFsgFAAS,PESTANA PUB,SOUTH,DODOMA URBAN,CLEMENT MLELWA,,,,
490,0010Y00000sIkwuQAC,ROMBO BAR,SOUTH,DODOMA URBAN,RODGERS MAKENGO,,,,
491,0010Y00001QK5eSQAT,NYUMBANI PARK,SOUTH,MOROGORO URBAN,GODFREY NYAMONGE,,,,
492,0010Y00001QK5xjQAD,MALAIKA ANNEX,SOUTH,DODOMA URBAN,ESTER MINJA,,,,
493,0010Y00000sIkptQAC,FLORIDA INN BAR,SOUTH,KIBAHA,CEDRICK KILAJA,,,,
494,0010Y00000sIkroQAC,KILIMANI GROCERY,SOUTH,DODOMA URBAN,ESTER MINJA,,,,
495,0010Y00001QK2SWQA1,MORENA HOTEL,SOUTH,DODOMA URBAN,ESTER MINJA,,,,
496,0010Y00001QK3fjQAD,SNACK BAR,SOUTH,MOROGORO URBAN,GODFREY NYAMONGE,,,,
497,0010Y00001QK3kUQAT,MAWENZI BAR,SOUTH,MOROGORO URBAN,GODFREY NYAMONGE,,,,
498,0010Y00001QK4FaQAL,CHEERS PUB,SOUTH,DODOMA URBAN,CLEMENT MLELWA,,,,
499,0010Y00001QK4FdQAL,KIJOTI BAR,SOUTH,DODOMA URBAN,CLEMENT MLELWA,,,,
500,0010Y00001QK4FeQAL,ITEGA PUB,SOUTH,DODOMA URBAN,CLEMENT MLELWA,,,,
501,0010Y00001QK4FiQAL,MASAMA BAR,SOUTH,DODOMA URBAN,CLEMENT MLELWA,,,,
502,0010Y00001QK4FlQAL,EAST AFRICAN PUB,SOUTH,DODOMA URBAN,CLEMENT MLELWA,,,,
503,0010Y00001QK4FnQAL,RESPECT PUB,SOUTH,DODOMA URBAN,CLEMENT MLELWA,,,,
504,0010Y00001QK4FPQA1,KALAHARI PUB,SOUTH,DODOMA URBAN,CLEMENT MLELWA,,,,
505,0010Y00001QK4FQQA1,SHADE PUB,SOUTH,DODOMA URBAN,CLEMENT MLELWA,,,,
506,0010Y00001QK4FtQAL,MWINYI PUB,SOUTH,DODOMA URBAN,CLEMENT MLELWA,,,,
507,0010Y00001QK4FVQA1,MSAE BAR,SOUTH,DODOMA URBAN,CLEMENT MLELWA,,,,
508,0010Y00001QK5a0QAD,RHINO BAR,SOUTH,MOROGORO URBAN,GODFREY NYAMONGE,,,,
509,0010Y00001QK5b9QAD,BREAK POINT,SOUTH,MOROGORO URBAN,GODFREY NYAMONGE,,,,
510,0010Y00001QK5bcQAD,KAMA IPO IPO,SOUTH,MOROGORO URBAN,GODFREY NYAMONGE,,,,
511,0010Y00001QK5bJQAT,GOLD LAND,SOUTH,MOROGORO URBAN,GODFREY NYAMONGE,,,,
512,0010Y00001QK5boQAD,BEST PUB,SOUTH,MOROGORO URBAN,GODFREY NYAMONGE,,,,
513,0010Y00001QK5ltQAD,MAGUNILA,SOUTH,MOROGORO URBAN,FRANCIS KIJAZI,,,,
514,0010Y00001QK5vaQAD,MANAA BAR,SOUTH,DODOMA URBAN,ESTER MINJA,,,,
515,0010Y00001QK5vAQAT,MK PUB,SOUTH,DODOMA URBAN,CLEMENT MLELWA,,,,
516,0010Y00001QK5vlQAD,CAPE TOWN,SOUTH,DODOMA URBAN,RODGERS MAKENGO,,,,
517,0010Y00001QK5w8QAD,NEW ATLANTIC BAR,SOUTH,DODOMA URBAN,ESTER MINJA,,,,
518,0010Y00001QK5wAQAT,KAJIMA OPEN BAR,SOUTH,DODOMA URBAN,ESTER MINJA,,,,
519,0010Y00001QK5wDQAT,HAJUSHA RESTAURANT,SOUTH,DODOMA URBAN,ESTER MINJA,,,,
520,0010Y00001QK5whQAD,MASIMBA PUB,SOUTH,DODOMA URBAN,ESTER MINJA,,,,
521,0010Y00001QK5wKQAT,MAMA KESSY GROCERY,SOUTH,DODOMA URBAN,RODGERS MAKENGO,,,,
522,0010Y00001QK5wqQAD,CLUB LA AZIZI,SOUTH,DODOMA URBAN,RODGERS MAKENGO,,,,
523,0010Y00001QK5wrQAD,MAKRIR BAR,SOUTH,DODOMA URBAN,RODGERS MAKENGO,,,,
524,0010Y00001QK5wsQAD,KIBO GARDEN,SOUTH,DODOMA URBAN,RODGERS MAKENGO,,,,
525,0010Y00001QK5wUQAT,MALANJA BAR,SOUTH,DODOMA URBAN,ESTER MINJA,,,,
526,0010Y00001QK5WVQA1,UHURU PARK,SOUTH,MOROGORO URBAN,GODFREY NYAMONGE,,,,
527,0010Y00001QK5wXQAT,SATURDAY NIGHT BAR,SOUTH,DODOMA URBAN,ESTER MINJA,,,,
528,0010Y00001QK5wyQAD,CORNER GROCERY,SOUTH,DODOMA URBAN,ESTER MINJA,,,,
529,0010Y00001QK5x0QAD,PLATINUM PARK,SOUTH,DODOMA URBAN,ESTER MINJA,,,,
530,0010Y00001QK5x1QAD,KESHUMAN BAR,SOUTH,DODOMA URBAN,ESTER MINJA,,,,
531,0010Y00001QK5X1QAL,JKT BWALO,SOUTH,MOROGORO URBAN,GODFREY NYAMONGE,,,,
532,0010Y00001QK5x5QAD,WINGS PUB,SOUTH,DODOMA URBAN,ESTER MINJA,,,,
533,0010Y00001QK5xaQAD,ROSE GADERN BAR,SOUTH,DODOMA URBAN,ESTER MINJA,,,,
534,0010Y00001QK5XQQA1,MORO NIGHT,SOUTH,MOROGORO URBAN,GODFREY NYAMONGE,,,,
535,0010Y00001QK5xWQAT,NGURDOTO PUB,SOUTH,DODOMA URBAN,ESTER MINJA,,,,
536,0010Y00001QK5xyQAD,FOURWAYS BAR,SOUTH,MOROGORO URBAN,GODFREY NYAMONGE,,,,
537,0010Y00001QK5xYQAT,PUB ALBERTO,SOUTH,DODOMA URBAN,RODGERS MAKENGO,,,,
538,0010Y00001QK5y1QAD,SUPRISE PARK BAR,SOUTH,DODOMA URBAN,RODGERS MAKENGO,,,,
539,0010Y00001QK5Y9QAL,OLDVAI BAR,SOUTH,MOROGORO URBAN,GODFREY NYAMONGE,,,,
540,0010Y00001QK5yHQAT,NEW MBOMAI PUB,SOUTH,DODOMA URBAN,ESTER MINJA,,,,
541,0010Y00001QK5yiQAD,KWA MOSE PUB,SOUTH,DODOMA URBAN,CLEMENT MLELWA,,,,
542,0010Y00001QK5yMQAT,CHAMA KUBWA PUB,SOUTH,DODOMA URBAN,ESTER MINJA,,,,
543,0010Y00001QK5yRQAT,STELLA BAR,SOUTH,LUBENA ZOMOZI,CEDRICK KILAJA,,,,
544,0010Y00001QK5yTQAT,MAJARIBIO BAR,SOUTH,DODOMA URBAN,CLEMENT MLELWA,,,,
545,0010Y00001QK5yVQAT,THE CROSS PUB,SOUTH,DODOMA URBAN,CLEMENT MLELWA,,,,
546,0010Y00001QK5ywQAD,LIMPOPO BAR,SOUTH,DODOMA URBAN,CLEMENT MLELWA,,,,
547,0010Y00001QK5yWQAT,SUZY BAR,SOUTH,DODOMA URBAN,CLEMENT MLELWA,,,,
548,0010Y00001QK5yxQAD,UPENDO PUB,SOUTH,DODOMA URBAN,CLEMENT MLELWA,,,,
549,0010Y00001QK5yXQAT,GREEN APPLE BAR,SOUTH,DODOMA URBAN,CLEMENT MLELWA,,,,
550,0010Y00001QK5yZQAT,K PUB,SOUTH,DODOMA URBAN,CLEMENT MLELWA,,,,
551,0010Y00001QK5z1QAD,YEKE YEKE PUB,SOUTH,DODOMA URBAN,CLEMENT MLELWA,,,,
552,0010Y00001QK5z4QAD,CHESSBISTRO PUB,SOUTH,DODOMA URBAN,CLEMENT MLELWA,,,,
553,0010Y00001QK5z7QAD,GEORGETOWN BAR,SOUTH,DODOMA URBAN,CLEMENT MLELWA,,,,
554,0010Y00001QK5z9QAD,SPORTLIGHT PUB,SOUTH,DODOMA URBAN,CLEMENT MLELWA,,,,
555,0010Y00001QK6V4QAL,LELO PUB,SOUTH,DODOMA URBAN,CLEMENT MLELWA,,,,
556,0011i000006N3KQAA0,SUPERBITE LOUNGE,SOUTH,MOROGORO URBAN,GODFREY NYAMONGE,,,,
557,0010Y00000sIkqnQAC,DUNDA DUNDA PARK,SOUTH,BAGAMOYO,DAMIANI CHILLE,,,,
558,0010Y00000sIkvlQAC,NYAMONGO BAR,SOUTH,BAGAMOYO,DAMIANI CHILLE,,,,
559,0010Y00000sIkxkQAC,STELAMARIS BAR,SOUTH,BAGAMOYO,DAMIANI CHILLE,,,,
560,0010Y00000sIkyQQAS,TOZO BAR,SOUTH,BAGAMOYO,DAMIANI CHILLE,,,,
561,0010Y00000sIkzGQAS,ZINGA PUB,SOUTH,BAGAMOYO,DAMIANI CHILLE,,,,
562,0010Y00000sIkxlQAC,STELAMARIS HOTEL,SOUTH,BAGAMOYO,DAMIANI CHILLE,,,,
563,0010Y00000sIkz4QAC,CANTELU PUB,SOUTH,BAGAMOYO,DAMIANI CHILLE,,,,
564,0010Y00001TQctPQAT,KAOLE SNAKE PARK,SOUTH,BAGAMOYO,DAMIANI CHILLE,,,,
565,0010Y00000sIkqnQAC,DUNDA DUNDA PARK,SOUTH,BAGAMOYO,DAMIANI CHILLE,,,,
566,0010Y00001Wm9qDQAR,IKWETE LODGE AND BAR,SOUTH,VIKINDU,JOHN SIAFU,,,,
567,0010Y00001Wm9MUQAZ,STOP OVER,SOUTH,VIKINDU,JOHN SIAFU,,,,
568,0010Y00001Wm9qmQAB,ASANTE LORGE AND PUB,SOUTH,MWARUSEMBE,JOHN SIAFU,,,,
569,0010Y00001hXt7WQAS,MAKUTANO PARK,SOUTH,VIKINDU,JOHN SIAFU,,,,
570,0010Y00001Wm9NQQAZ,VICTORIA HOTEL AND BAR,SOUTH,KIBITI,JOHN SIAFU,,,,
571,0010Y00001Wm9GjQAJ,MUKTAZA IGO BAR,SOUTH,IKWIRIRI,JOHN SIAFU,,,,
572,0010Y00001Wm9J4QAJ,SERENGETI BAR,SOUTH,IKWIRIRI,JOHN SIAFU,,,,
573,0010Y00001Wm9OJQAZ,ZEBRA ANEX,SOUTH,KIBITI,JOHN SIAFU,,,,
574,0010Y00001Wm9MmQAJ,NYAMWEMBE BAR,SOUTH,KIMANZICHANA,JOHN SIAFU,,,,
575,,ROSH GARDEN,SOUTH,MWANDEGE,JOHN SIAFU,,,,
576,0010Y00001Wm9MEQAZ,LAKI SI PESA BAR,SOUTH,KIMANZICHANA,JOHN SIAFU,,,,
577,0010Y00001Wm9U2QAJ,TOP LIFE,SOUTH,KIMANZICHANA,JOHN SIAFU,,,,
578,0010Y00001Wm9ZgQAJ,BY NIGHT PUB,SOUTH,MKURANGA,JOHN SIAFU,,,,
579,0010Y00001Wm9cQQAR,KIGUZA PUB,SOUTH,MKURANGA,JOHN SIAFU,,,,
580,0011n00001i22x8AAA,LINTU PUB,SOUTH,VIKINDU,JOHN SIAFU,,,,
581,0010Y00001Wm9v3QAB,MAKAVU PUB,SOUTH,VIKINDU,JOHN SIAFU,,,,
593,0010Y00001StbdGQAR,New Tilla bar,SOUTH,MTWARA,Evance Aloyce,,,,
594,0010Y00001StbeTQAR,Magereza club,SOUTH,MTWARA,Evance Aloyce,,,,
595,0010Y00001StbV8QAJ,Mirito bar,SOUTH,MTWARA,Evance Aloyce,,,,
596,0010Y00001StbWPQAZ,Mtwara Villa park,SOUTH,MTWARA,Evance Aloyce,,,,
597,0010Y00001StbXwQAJ,Sweet corner bar,SOUTH,MTWARA,Evance Aloyce,,,,
598,0010Y00001VTmp7QAD,Mrope Grocery,SOUTH,RUANGWA,Fridoline Mashalo,,,,
599,0010Y00001VTo8yQAD,Kingstone Pub,SOUTH,RUANGWA,Evance Aloyce,,,,
600,0010Y00001VToJhQAL,No Stress Pub,SOUTH,NEWALA,Evance Aloyce,,,,
